{"cameraMode":{"drawMode":0,"name":"Shaded","section":"Shading Mode"},"sceneLighting":true,"audioPlay":false,"sceneViewState":{"m_AlwaysRefresh":false,"showFog":true,"showSkybox":true,"showFlares":true,"showImageEffects":true,"showParticleSystems":true,"showVisualEffectGraphs":true,"m_FxEnabled":true},"in2DMode":false,"pivot":{"x":-31.965530395507814,"y":-100.49645233154297,"z":107.2409439086914},"rotation":{"x":-0.35003966093063357,"y":0.1395450383424759,"z":-0.052720170468091968,"w":-0.9248479008674622},"size":109.17210388183594,"orthographic":false}